ts,temp_c,throttle_reasons
1791140219,85,0x0000000000000020
1791140221,85,0x0000000000000020
1791140223,86,0x0000000000000020
1791140226,86,0x0000000000000020
1791140228,86,0x0000000000000020
1791140231,86,0x0000000000000020
1791140259,83,0x0000000000000020
1791140261,83,0x0000000000000020
1791140263,84,0x0000000000000020
1791140266,84,0x0000000000000020
1791140268,84,0x0000000000000020
1791140271,85,0x0000000000000020
1791140274,85,0x0000000000000020
1791140276,85,0x0000000000000020
1791140278,85,0x0000000000000020
1791140282,86,0x0000000000000020
1791140305,84,0x0000000000000020
1791140307,84,0x0000000000000020
1791140311,84,0x0000000000000020
1791140313,84,0x0000000000000020
1791140316,85,0x0000000000000020
1791140319,85,0x0000000000000020
1791140321,85,0x0000000000000020
1791140325,85,0x0000000000000020
1791140331,85,0x0000000000000020
1791140358,84,0x0000000000000020
1791140361,84,0x0000000000000020
1791140364,85,0x0000000000000020
1791140366,85,0x0000000000000020
1791140370,85,0x0000000000000020
1791140373,85,0x0000000000000020
1791140376,86,0x0000000000000020
1791140383,86,0x0000000000000020
1791140411,83,0x0000000000000020
1791140415,84,0x0000000000000020
1791140418,85,0x0000000000000020
1791140421,85,0x0000000000000020
1791140424,85,0x0000000000000020
1791140427,85,0x0000000000000020
1791140430,85,0x0000000000000020
1791140434,86,0x0000000000000020
1791140437,86,0x0000000000000020
1791140466,83,0x0000000000000020
1791140469,84,0x0000000000000020
1791140471,84,0x0000000000000020
1791140474,85,0x0000000000000020
1791140477,85,0x0000000000000020
1791140481,85,0x0000000000000020
1791140485,86,0x0000000000000020
1791140488,86,0x0000000000000020
1791140516,85,0x0000000000000020
1791140519,84,0x0000000000000020
1791140522,84,0x0000000000000020
1791140525,85,0x0000000000000020
1791140528,85,0x0000000000000020
1791140532,85,0x0000000000000020
1791140536,86,0x0000000000000020
1791140568,85,0x0000000000000020
1791140573,84,0x0000000000000020
1791140576,85,0x0000000000000020
1791140610,85,0x0000000000000020
1791140613,84,0x0000000000000020
1791140617,84,0x0000000000000020
1791140620,85,0x0000000000000020
1791140623,85,0x0000000000000020
1791140626,85,0x0000000000000020
1791140630,86,0x0000000000000020
1791140635,85,0x0000000000000020
1791140641,85,0x0000000000000020
1791140659,84,0x0000000000000020
1791140662,84,0x0000000000000020
1791140666,85,0x0000000000000020
1791140669,85,0x0000000000000020
1791140672,85,0x0000000000000020
1791140675,86,0x0000000000000020
1791140679,86,0x0000000000000020
1791140706,83,0x0000000000000020
1791140710,84,0x0000000000000020
1791140715,85,0x0000000000000020
1791140718,85,0x0000000000000020
1791140721,85,0x0000000000000020
1791140724,85,0x0000000000000020
1791140728,86,0x0000000000000020
1791140750,83,0x0000000000000020
1791140753,84,0x0000000000000020
1791140756,84,0x0000000000000020
1791140758,85,0x0000000000000020
1791140762,85,0x0000000000000020
1791140765,85,0x0000000000000020
1791140768,85,0x0000000000000020
1791140770,85,0x0000000000000020
1791140774,86,0x0000000000000020
1791140799,86,0x0000000000000020
1791140802,84,0x0000000000000020
1791140806,84,0x0000000000000020
1791140811,85,0x0000000000000020
1791140815,85,0x0000000000000020
1791140818,85,0x0000000000000020
